"Number","Address","Data","Content","Time","AUX",
"0.0","0000","0000","TRIGGER","0 ns","0000",
"1.0","00.14B0","1405","Memory Write","4.825283 ms","0000",
"3.0","00.14B0","1405","Memory Write","14.456483 ms","0000",
"5.0","00.14B0","1405","Memory Write","23.435766 ms","0000",
"7.0","00.14B0","1405","Memory Write","33.514533 ms","0000",
"9.0","00.14B0","1405","Memory Write","44.355183 ms","0000",
"11.0","00.14B0","1405","Memory Write","54.272250 ms","0000",
"12.0","00.14B0","1402","Memory Write","62.051733 ms","0000",
"13.0","00.14B0","1405","Memory Write","69.234866 ms","0000",
"15.0","00.14B0","1405","Memory Write","80.259250 ms","0000",
"17.0","00.14B0","1405","Memory Write","91.172266 ms","0000",
"19.0","00.14B0","1405","Memory Write","101.134233 ms","0000",
"21.0","00.14B0","1405","Memory Write","110.703666 ms","0000",
"23.0","00.14B0","1405","Memory Write","119.744266 ms","0000",
"24.0","00.14B0","1402","Memory Write","124.911950 ms","0000",
"25.0","00.14B0","1405","Memory Write","129.861933 ms","0000",
"27.0","00.14B0","1405","Memory Write","140.637616 ms","0000",
"29.0","00.14B0","1405","Memory Write","150.668433 ms","0000",
"31.0","00.14B0","1405","Memory Write","162.419500 ms","0000",
"33.0","00.14B0","1405","Memory Write","171.723700 ms","0000",
"35.0","00.14B0","1405","Memory Write","182.824916 ms","0000",
"37.0","00.14B0","1405","Memory Write","193.686133 ms","0000",
"38.0","00.14B0","1402","Memory Write","199.670866 ms","0000",
"39.0","00.14B0","1405","Memory Write","203.641950 ms","0000",
"41.0","00.14B0","1405","Memory Write","218.419183 ms","0000",
"42.0","00.14B0","1405","Memory Write","224.542333 ms","0000",
"44.0","00.14B0","1405","Memory Write","234.621100 ms","0000",
"46.0","00.14B0","1405","Memory Write","249.345516 ms","0000",
"48.0","00.14B0","1405","Memory Write","258.778250 ms","0000",
"49.0","00.14B0","1401","Memory Write","260.590366 ms","0000",
"50.0","00.14B0","1402","Memory Write","263.898316 ms","0000",
"51.0","00.14B0","1405","Memory Write","264.803666 ms","0000",
"53.0","00.14B0","1405","Memory Write","274.098966 ms","0000",
"55.0","00.14B0","1405","Memory Write","289.986133 ms","0000",
"57.0","00.14B0","1405","Memory Write","299.947783 ms","0000",
"59.0","00.14B0","1405","Memory Write","311.842516 ms","0000",
"61.0","00.14B0","1405","Memory Write","320.881650 ms","0000",
"63.0","00.14B0","1405","Memory Write","330.973233 ms","0000",
"64.0","00.14B0","1402","Memory Write","333.075750 ms","0000",
"65.0","00.14B0","1405","Memory Write","341.757100 ms","0000",
"67.0","00.14B0","1405","Memory Write","351.713400 ms","0000",
"69.0","00.14B0","1405","Memory Write","361.146250 ms","0000",
"71.0","00.14B0","1405","Memory Write","370.441566 ms","0000",
"73.0","00.14B0","1405","Memory Write","381.507466 ms","0000",
"75.0","00.14B0","1405","Memory Write","392.392033 ms","0000",
"77.0","00.14B0","1402","Memory Write","401.429050 ms","0000",
"78.0","00.14B0","1405","Memory Write","402.347583 ms","0000",
"80.0","00.14B0","1405","Memory Write","414.275116 ms","0000",
"82.0","00.14B0","1405","Memory Write","423.257483 ms","0000",
"84.0","00.14B0","1405","Memory Write","433.336250 ms","0000",
"86.0","00.14B0","1405","Memory Write","444.172683 ms","0000",
"88.0","00.14B0","1405","Memory Write","454.093966 ms","0000",
"90.0","00.14B0","1405","Memory Write","469.066233 ms","0000",
"91.0","00.14B0","1402","Memory Write","471.168750 ms","0000",
"93.0","00.14B0","1405","Memory Write","480.077433 ms","0000",
"95.0","00.14B0","1405","Memory Write","490.990216 ms","0000",
"97.0","00.14B0","1405","Memory Write","500.955600 ms","0000",
"99.0","00.14B0","1405","Memory Write","510.525316 ms","0000",
"101.0","00.14B0","1405","Memory Write","519.564783 ms","0000",
"103.0","00.14B0","1405","Memory Write","529.693916 ms","0000",
"104.0","00.14B0","1402","Memory Write","534.812716 ms","0000",
"105.0","00.14B0","1405","Memory Write","540.455683 ms","0000",
"107.0","00.14B0","1405","Memory Write","550.433850 ms","0000",
"109.0","00.14B0","1405","Memory Write","562.144583 ms","0000",
"111.0","00.14B0","1405","Memory Write","571.439916 ms","0000",
"113.0","00.14B0","1405","Memory Write","582.533183 ms","0000",
"115.0","00.14B0","1405","Memory Write","593.399366 ms","0000",
"117.0","00.14B0","1405","Memory Write","603.365000 ms","0000",
"118.0","00.14B0","1402","Memory Write","608.919666 ms","0000",
"119.0","00.14B0","1405","Memory Write","612.960966 ms","0000",
"121.0","00.14B0","1405","Memory Write","621.982316 ms","0000",
"123.0","00.14B0","1405","Memory Write","632.061083 ms","0000",
"125.0","00.14B0","1405","Memory Write","642.875133 ms","0000",
"127.0","00.14B0","1405","Memory Write","652.818633 ms","0000",
"129.0","00.14B0","1405","Memory Write","664.569650 ms","0000",
"130.0","00.14B0","1402","Memory Write","673.017000 ms","0000",
"131.0","00.14B0","1405","Memory Write","673.922366 ms","0000",
"133.0","00.14B0","1405","Memory Write","689.805966 ms","0000",
"135.0","00.14B0","1405","Memory Write","699.774150 ms","0000",
"136.0","00.14B0","1404","Memory Write","702.520166 ms","0000",
"138.0","00.14B0","1405","Memory Write","711.660183 ms","0000",
"140.0","00.14B0","1405","Memory Write","720.700050 ms","0000",
"142.0","00.14B0","1405","Memory Write","730.798616 ms","0000",
"144.0","00.14B0","1405","Memory Write","741.587733 ms","0000",
"145.0","00.14B0","1402","Memory Write","743.730166 ms","0000",
"146.0","00.14B0","1405","Memory Write","751.538066 ms","0000",
"148.0","00.14B0","1405","Memory Write","760.970533 ms","0000",
"150.0","00.14B0","1405","Memory Write","770.265866 ms","0000",
"152.0","00.14B0","1405","Memory Write","781.328416 ms","0000",
"154.0","00.14B0","1405","Memory Write","792.216033 ms","0000",
"156.0","00.14B0","1405","Memory Write","802.178216 ms","0000",
"158.0","00.14B0","1402","Memory Write","813.161583 ms","0000",
"159.0","00.14B0","1405","Memory Write","814.097983 ms","0000",
"161.0","00.14B0","1405","Memory Write","823.084500 ms","0000",
"163.0","00.14B0","1405","Memory Write","833.163266 ms","0000",
"165.0","00.14B0","1405","Memory Write","843.999700 ms","0000",
"167.0","00.14B0","1405","Memory Write","853.921200 ms","0000",
"169.0","00.14B0","1405","Memory Write","863.354016 ms","0000",
"171.0","00.14B0","1405","Memory Write","872.649333 ms","0000",
"172.0","00.14B0","1402","Memory Write","874.751866 ms","0000",
"173.0","00.14B0","1403","Memory Write","880.036616 ms","0000",
"174.0","00.14B0","1405","Memory Write","883.767566 ms","0000",
"176.0","00.14B0","1405","Memory Write","894.615400 ms","0000",
"178.0","00.14B0","1405","Memory Write","904.577533 ms","0000",
"180.0","00.14B0","1405","Memory Write","919.372433 ms","0000",
"182.0","00.14B0","1405","Memory Write","929.509500 ms","0000",
"184.0","00.14B0","1405","Memory Write","940.276300 ms","0000",
"186.0","00.14B0","1402","Memory Write","949.343883 ms","0000",
"187.0","00.14B0","1405","Memory Write","950.249233 ms","0000",
"189.0","00.14B0","1405","Memory Write","961.960116 ms","0000",
"191.0","00.14B0","1405","Memory Write","971.255250 ms","0000",
"193.0","00.14B0","1405","Memory Write","982.340833 ms","0000",
"195.0","00.14B0","1405","Memory Write","993.211450 ms","0000",
"197.0","00.14B0","1405","Memory Write","1.003176850 s ","0000",
"199.0","00.14B0","1405","Memory Write","1.012775683 s ","0000",
"200.0","00.14B0","1402","Memory Write","1.014942750 s ","0000",
"201.0","00.14B0","1405","Memory Write","1.021794366 s ","0000",
"203.0","00.14B0","1405","Memory Write","1.031873133 s ","0000",
"205.0","00.14B0","1405","Memory Write","1.042682950 s ","0000",
"207.0","00.14B0","1405","Memory Write","1.052631133 s ","0000",
"209.0","00.14B0","1405","Memory Write","1.064342016 s ","0000",
"211.0","00.14B0","1405","Memory Write","1.073637516 s ","0000",
"212.0","00.14B0","1401","Memory Write","1.073941483 s ","0000",
"214.0","00.14B0","1402","Memory Write","1.083855483 s ","0000",
"215.0","00.14B0","1405","Memory Write","1.084774000 s ","0000",
"217.0","00.14B0","1405","Memory Write","1.099474050 s ","0000",
"219.0","00.14B0","1405","Memory Write","1.109017216 s ","0000",
"221.0","00.14B0","1405","Memory Write","1.118057100 s ","0000",
"222.0","00.14B0","1405","Memory Write","1.124187983 s ","0000",
"224.0","00.14B0","1405","Memory Write","1.134266616 s ","0000",
"226.0","00.14B0","1405","Memory Write","1.148982400 s ","0000",
"227.0","00.14B0","1402","Memory Write","1.151084933 s ","0000",
"228.0","00.14B0","1405","Memory Write","1.155009683 s ","0000",
"230.0","00.14B0","1405","Memory Write","1.169987900 s ","0000",
"232.0","00.14B0","1405","Memory Write","1.181038283 s ","0000",
"234.0","00.14B0","1405","Memory Write","1.191931966 s ","0000",
"236.0","00.14B0","1405","Memory Write","1.201899966 s ","0000",
"238.0","00.14B0","1405","Memory Write","1.213816350 s ","0000",
"239.0","00.14B0","1402","Memory Write","1.221905583 s ","0000",
"240.0","00.14B0","1405","Memory Write","1.222810933 s ","0000",
"242.0","00.14B0","1405","Memory Write","1.232889700 s ","0000",
"244.0","00.14B0","1405","Memory Write","1.243818933 s ","0000",
"246.0","00.14B0","1405","Memory Write","1.253744866 s ","0000",
"248.0","00.14B0","1405","Memory Write","1.263177533 s ","0000",
"250.0","00.14B0","1405","Memory Write","1.272472866 s ","0000",
"252.0","00.14B0","1405","Memory Write","1.283596366 s ","0000",
"253.0","00.14B0","1402","Memory Write","1.290464866 s ","0000",
"254.0","00.14B0","1405","Memory Write","1.294435300 s ","0000",
"256.0","00.14B0","1405","Memory Write","1.304401333 s ","0000",
"258.0","00.14B0","1405","Memory Write","1.319191916 s ","0000",
"260.0","00.14B0","1405","Memory Write","1.329336516 s ","0000",
"262.0","00.14B0","1405","Memory Write","1.340099083 s ","0000",
"264.0","00.14B0","1405","Memory Write","1.350081900 s ","0000",
"265.0","00.14B0","1402","Memory Write","1.358599416 s ","0000",
"266.0","00.14B0","1405","Memory Write","1.359504766 s ","0000",
"268.0","00.14B0","1405","Memory Write","1.368800100 s ","0000",
"269.0","00.14B0","1405","Memory Write","1.374833916 s ","0000",
"271.0","00.14B0","1405","Memory Write","1.390730500 s ","0000",
"273.0","00.14B0","1405","Memory Write","1.400695400 s ","0000",
"275.0","00.14B0","1405","Memory Write","1.412599250 s ","0000",
"277.0","00.14B0","1405","Memory Write","1.421632083 s ","0000",
"278.0","00.14B0","1402","Memory Write","1.423734600 s ","0000",
"279.0","00.14B0","1405","Memory Write","1.431700950 s ","0000",
"281.0","00.14B0","1405","Memory Write","1.442510583 s ","0000",
"283.0","00.14B0","1405","Memory Write","1.452454266 s ","0000",
"285.0","00.14B0","1405","Memory Write","1.464165333 s ","0000",
"287.0","00.14B0","1405","Memory Write","1.473460816 s ","0000",
"289.0","00.14B0","1405","Memory Write","1.484602650 s ","0000",
"291.0","00.14B0","1402","Memory Write","1.494522183 s ","0000",
"292.0","00.14B0","1405","Memory Write","1.499296583 s ","0000",
"294.0","00.14B0","1405","Memory Write","1.508828666 s ","0000",
"296.0","00.14B0","1405","Memory Write","1.517868516 s ","0000",
"297.0","00.14B0","1405","Memory Write","1.524007150 s ","0000",
"299.0","00.14B0","1405","Memory Write","1.534085983 s ","0000",
"301.0","00.14B0","1405","Memory Write","1.544932750 s ","0000",
"303.0","00.14B0","1405","Memory Write","1.554831366 s ","0000",
"304.0","00.14B0","1402","Memory Write","1.562610866 s ","0000",
"305.0","00.14B0","1405","Memory Write","1.569794000 s ","0000",
"307.0","00.14B0","1405","Memory Write","1.580836700 s ","0000",
"309.0","00.14B0","1405","Memory Write","1.591734316 s ","0000",
"311.0","00.14B0","1405","Memory Write","1.601702333 s ","0000",
"313.0","00.14B0","1405","Memory Write","1.611277783 s ","0000",
"315.0","00.14B0","1405","Memory Write","1.620322000 s ","0000",
"317.0","00.14B0","1402","Memory Write","1.629516483 s ","0000",
"318.0","00.14B0","1405","Memory Write","1.630421833 s ","0000",
"320.0","00.14B0","1405","Memory Write","1.641204850 s ","0000",
"322.0","00.14B0","1405","Memory Write","1.651179566 s ","0000",
"324.0","00.14B0","1405","Memory Write","1.662890533 s ","0000",
"326.0","00.14B0","1405","Memory Write","1.672194750 s ","0000",
"328.0","00.14B0","1405","Memory Write","1.683310683 s ","0000",
"330.0","00.14B0","1405","Memory Write","1.694167250 s ","0000",
"331.0","00.14B0","1402","Memory Write","1.700152333 s ","0000",
"332.0","00.14B0","1405","Memory Write","1.704123416 s ","0000",
"334.0","00.14B0","1405","Memory Write","1.718909666 s ","0000",
"335.0","00.14B0","1405","Memory Write","1.725020500 s ","0000",
"337.0","00.14B0","1405","Memory Write","1.739820100 s ","0000",
"338.0","00.14B0","1404","Memory Write","1.741047200 s ","0000",
"340.0","00.14B0","1405","Memory Write","1.749907750 s ","0000",
"342.0","00.14B0","1405","Memory Write","1.759340133 s ","0000",
"343.0","00.14B0","1402","Memory Write","1.764458916 s ","0000",
"344.0","00.14B0","1405","Memory Write","1.768625766 s ","0000",
"345.0","00.14B0","1405","Memory Write","1.774659600 s ","0000",
"347.0","00.14B0","1405","Memory Write","1.790552183 s ","0000",
"349.0","00.14B0","1405","Memory Write","1.800517583 s ","0000",
"351.0","00.14B0","1405","Memory Write","1.812421266 s ","0000",
"353.0","00.14B0","1405","Memory Write","1.821457600 s ","0000",
"355.0","00.14B0","1405","Memory Write","1.831536350 s ","0000",
"356.0","00.14B0","1402","Memory Write","1.833638866 s ","0000",
"357.0","00.14B0","1405","Memory Write","1.842331816 s ","0000",
"359.0","00.14B0","1405","Memory Write","1.852284666 s ","0000",
"361.0","00.14B0","1405","Memory Write","1.861717583 s ","0000",
"363.0","00.14B0","1405","Memory Write","1.871013083 s ","0000",
"365.0","00.14B0","1405","Memory Write","1.882091266 s ","0000",
"367.0","00.14B0","1401","Memory Write","1.891748166 s ","0000",
"368.0","00.14B0","1405","Memory Write","1.892971350 s ","0000",
"370.0","00.14B0","1402","Memory Write","1.902011300 s ","0000",
"371.0","00.14B0","1405","Memory Write","1.902926533 s ","0000",
"373.0","00.14B0","1405","Memory Write","1.914866433 s ","0000",
"375.0","00.14B0","1405","Memory Write","1.923833633 s ","0000",
"377.0","00.14B0","1405","Memory Write","1.933912483 s ","0000",
"379.0","00.14B0","1405","Memory Write","1.944754850 s ","0000",
"381.0","00.14B0","1405","Memory Write","1.954661900 s ","0000",
"383.0","00.14B0","1405","Memory Write","1.969634366 s ","0000",
"384.0","00.14B0","1402","Memory Write","1.971736883 s ","0000",
"386.0","00.14B0","1405","Memory Write","1.980663833 s ","0000",
"388.0","00.14B0","1405","Memory Write","1.991565000 s ","0000",
"390.0","00.14B0","1405","Memory Write","2.001530166 s ","0000",
"391.0","00.14B0","1403","Memory Write","2.008923000 s ","0000",
"392.0","00.14B0","1405","Memory Write","2.011101416 s ","0000",
"394.0","00.14B0","1405","Memory Write","2.020141216 s ","0000",
"396.0","00.14B0","1405","Memory Write","2.030255166 s ","0000",
"398.0","00.14B0","1402","Memory Write","2.040105600 s ","0000",
"399.0","00.14B0","1405","Memory Write","2.041028683 s ","0000",
"401.0","00.14B0","1405","Memory Write","2.050998933 s ","0000",
"403.0","00.14B0","1405","Memory Write","2.062709733 s ","0000",
"405.0","00.14B0","1405","Memory Write","2.072005066 s ","0000",
"407.0","00.14B0","1405","Memory Write","2.083117300 s ","0000",
"409.0","00.14B0","1405","Memory Write","2.093974333 s ","0000",
"411.0","00.14B0","1405","Memory Write","2.103936916 s ","0000",
"412.0","00.14B0","1402","Memory Write","2.109504850 s ","0000",
"413.0","00.14B0","1405","Memory Write","2.113536866 s ","0000",
"415.0","00.14B0","1405","Memory Write","2.122547566 s ","0000",
"417.0","00.14B0","1405","Memory Write","2.132626033 s ","0000",
"419.0","00.14B0","1405","Memory Write","2.143446066 s ","0000",
"421.0","00.14B0","1405","Memory Write","2.153375450 s ","0000",
"423.0","00.14B0","1405","Memory Write","2.168356700 s ","0000",
"424.0","00.14B0","1402","Memory Write","2.173475516 s ","0000",
"425.0","00.14B0","1405","Memory Write","2.174380866 s ","0000",
"427.0","00.14B0","1405","Memory Write","2.190270683 s ","0000",
"429.0","00.14B0","1405","Memory Write","2.200235383 s ","0000",
"431.0","00.14B0","1405","Memory Write","2.212125916 s ","0000",
"433.0","00.14B0","1405","Memory Write","2.221169466 s ","0000",
"435.0","00.14B0","1405","Memory Write","2.231253166 s ","0000",
"437.0","00.14B0","1405","Memory Write","2.242053933 s ","0000",
"438.0","00.14B0","1402","Memory Write","2.244191933 s ","0000",
"439.0","00.14B0","1405","Memory Write","2.252001300 s ","0000",
"441.0","00.14B0","1405","Memory Write","2.261434033 s ","0000",
"443.0","00.14B0","1405","Memory Write","2.270729533 s ","0000",
"445.0","00.14B0","1405","Memory Write","2.281799983 s ","0000",
"447.0","00.14B0","1405","Memory Write","2.292683500 s ","0000",
"449.0","00.14B0","1405","Memory Write","2.302648366 s ","0000",
"451.0","00.14B0","1402","Memory Write","2.313635483 s ","0000",
"452.0","00.14B0","1405","Memory Write","2.314576950 s ","0000",
"454.0","00.14B0","1405","Memory Write","2.323551883 s ","0000",
"456.0","00.14B0","1405","Memory Write","2.333630733 s ","0000",
"458.0","00.14B0","1405","Memory Write","2.344468866 s ","0000",
"460.0","00.14B0","1405","Memory Write","2.354380833 s ","0000",
"462.0","00.14B0","1405","Memory Write","2.363813450 s ","0000",
"464.0","00.14B0","1405","Memory Write","2.373108800 s ","0000",
"465.0","00.14B0","1402","Memory Write","2.380198550 s ","0000",
"466.0","00.14B0","1405","Memory Write","2.384237466 s ","0000",
"468.0","00.14B0","1405","Memory Write","2.398935700 s ","0000",
"469.0","00.14B0","1405","Memory Write","2.405048483 s ","0000",
"471.0","00.14B0","1405","Memory Write","2.419849483 s ","0000",
"473.0","00.14B0","1405","Memory Write","2.429974466 s ","0000",
"475.0","00.14B0","1405","Memory Write","2.440753483 s ","0000",
"477.0","00.14B0","1402","Memory Write","2.449817616 s ","0000",
"478.0","00.14B0","1405","Memory Write","2.450722950 s ","0000",
"480.0","00.14B0","1405","Memory Write","2.462433933 s ","0000",
"482.0","00.14B0","1405","Memory Write","2.471729266 s ","0000",
"484.0","00.14B0","1405","Memory Write","2.482830466 s ","0000",
"486.0","00.14B0","1405","Memory Write","2.493691333 s ","0000",
"488.0","00.14B0","1405","Memory Write","2.503655216 s ","0000",
"490.0","00.14B0","1405","Memory Write","2.513268133 s ","0000",
"491.0","00.14B0","1402","Memory Write","2.518258150 s ","0000",
"492.0","00.14B0","1405","Memory Write","2.522272400 s ","0000",
"494.0","00.14B0","1405","Memory Write","2.532351083 s ","0000",
"496.0","00.14B0","1405","Memory Write","2.543166633 s ","0000",
"498.0","00.14B0","1405","Memory Write","2.553100450 s ","0000",
"500.0","00.14B0","1405","Memory Write","2.564811183 s ","0000",
"502.0","00.14B0","1405","Memory Write","2.574106516 s ","0000",
"504.0","00.14B0","1402","Memory Write","2.584329850 s ","0000",
"505.0","00.14B0","1405","Memory Write","2.589983750 s ","0000",
"507.0","00.14B0","1405","Memory Write","2.599948950 s ","0000",
"509.0","00.14B0","1405","Memory Write","2.609496200 s ","0000",
"511.0","00.14B0","1405","Memory Write","2.618536933 s ","0000",
"512.0","00.14B0","1405","Memory Write","2.624655650 s ","0000",
"514.0","00.14B0","1405","Memory Write","2.634734416 s ","0000",
"516.0","00.14B0","1405","Memory Write","2.649458333 s ","0000",
"517.0","00.14B0","1402","Memory Write","2.651560850 s ","0000",
"519.0","00.14B0","1405","Memory Write","2.661159700 s ","0000",
"521.0","00.14B0","1405","Memory Write","2.670464066 s ","0000",
"523.0","00.14B0","1405","Memory Write","2.681526783 s ","0000",
"525.0","00.14B0","1405","Memory Write","2.692414733 s ","0000",
"527.0","00.14B0","1405","Memory Write","2.702380283 s ","0000",
"529.0","00.14B0","1401","Memory Write","2.711516716 s ","0000",
"530.0","00.14B0","1405","Memory Write","2.714311800 s ","0000",
"531.0","00.14B0","1402","Memory Write","2.722383866 s ","0000",
"532.0","00.14B0","1405","Memory Write","2.723289216 s ","0000",
"534.0","00.14B0","1405","Memory Write","2.733367866 s ","0000",
"536.0","00.14B0","1405","Memory Write","2.744201566 s ","0000",
"538.0","00.14B0","1405","Memory Write","2.754117766 s ","0000",
"540.0","00.14B0","1405","Memory Write","2.763550216 s ","0000",
"542.0","00.14B0","1404","Memory Write","2.772541050 s ","0000",
"543.0","00.14B0","1405","Memory Write","2.772843683 s ","0000",
"545.0","00.14B0","1405","Memory Write","2.783975500 s ","0000",
"546.0","00.14B0","1402","Memory Write","2.790842800 s ","0000",
"547.0","00.14B0","1405","Memory Write","2.794813233 s ","0000",
"549.0","00.14B0","1405","Memory Write","2.804779266 s ","0000",
"551.0","00.14B0","1405","Memory Write","2.819570700 s ","0000",
"553.0","00.14B0","1405","Memory Write","2.829703416 s ","0000",
"555.0","00.14B0","1405","Memory Write","2.840575300 s ","0000",
"557.0","00.14B0","1405","Memory Write","2.850558883 s ","0000",
"558.0","00.14B0","1402","Memory Write","2.859076666 s ","0000",
"559.0","00.14B0","1405","Memory Write","2.859982033 s ","0000",
"561.0","00.14B0","1405","Memory Write","2.869277366 s ","0000",
"563.0","00.14B0","1405","Memory Write","2.880298450 s ","0000",
"565.0","00.14B0","1405","Memory Write","2.891211216 s ","0000",
"567.0","00.14B0","1405","Memory Write","2.901179416 s ","0000",
"569.0","00.14B0","1405","Memory Write","2.913089333 s ","0000",
"571.0","00.14B0","1405","Memory Write","2.922110616 s ","0000",
"572.0","00.14B0","1402","Memory Write","2.924213116 s ","0000",
"573.0","00.14B0","1405","Memory Write","2.932179616 s ","0000",
"575.0","00.14B0","1405","Memory Write","2.942995166 s ","0000",
"577.0","00.14B0","1405","Memory Write","2.952924500 s ","0000",
"579.0","00.14B0","1405","Memory Write","2.964635400 s ","0000",
"581.0","00.14B0","1405","Memory Write","2.973930733 s ","0000",
"583.0","00.14B0","1405","Memory Write","2.985082116 s ","0000",
"585.0","00.14B0","1402","Memory Write","2.994994233 s ","0000",
"586.0","00.14B0","1405","Memory Write","2.999765633 s ","0000",
"588.0","00.14B0","1405","Memory Write","3.009309700 s ","0000",
"590.0","00.14B0","1405","Memory Write","3.018346200 s ","0000",
"591.0","00.14B0","1405","Memory Write","3.024472650 s ","0000",
"593.0","00.14B0","1405","Memory Write","3.034551200 s ","0000",
"595.0","00.14B0","1405","Memory Write","3.049275133 s ","0000",
"597.0","00.14B0","1405","Memory Write","3.060947283 s ","0000",
"598.0","00.14B0","1402","Memory Write","3.063049800 s ","0000",
"599.0","00.14B0","1405","Memory Write","3.070233100 s ","0000",
"601.0","00.14B0","1405","Memory Write","3.081288083 s ","0000",
"603.0","00.14B0","1405","Memory Write","3.092179733 s ","0000",
"605.0","00.14B0","1405","Memory Write","3.102145300 s ","0000",
"607.0","00.14B0","1405","Memory Write","3.111733066 s ","0000",
"609.0","00.14B0","1405","Memory Write","3.120772700 s ","0000",
"611.0","00.14B0","1402","Memory Write","3.129956250 s ","0000",
"612.0","00.14B0","1403","Memory Write","3.130253750 s ","0000",
"613.0","00.14B0","1405","Memory Write","3.130857716 s ","0000",
"615.0","00.14B0","1405","Memory Write","3.141646833 s ","0000",
"617.0","00.14B0","1405","Memory Write","3.151607350 s ","0000",
"619.0","00.14B0","1405","Memory Write","3.163318316 s ","0000",
"621.0","00.14B0","1405","Memory Write","3.172622516 s ","0000",
"623.0","00.14B0","1405","Memory Write","3.183749333 s ","0000",
"625.0","00.14B0","1405","Memory Write","3.194598900 s ","0000",
"626.0","00.14B0","1402","Memory Write","3.200583700 s ","0000",
"627.0","00.14B0","1405","Memory Write","3.204558083 s ","0000",
"629.0","00.14B0","1405","Memory Write","3.219350233 s ","0000",
"631.0","00.14B0","1405","Memory Write","3.229490483 s ","0000",
"633.0","00.14B0","1405","Memory Write","3.240260383 s ","0000",
"635.0","00.14B0","1405","Memory Write","3.250243933 s ","0000",
"637.0","00.14B0","1405","Memory Write","3.259676600 s ","0000",
"638.0","00.14B0","1402","Memory Write","3.264795400 s ","0000",
"639.0","00.14B0","1405","Memory Write","3.268962250 s ","0000",
"640.0","00.14B0","1405","Memory Write","3.274996083 s ","0000",
"642.0","00.14B0","1405","Memory Write","3.290891666 s ","0000",
"644.0","00.14B0","1405","Memory Write","3.300856816 s ","0000",
"646.0","00.14B0","1405","Memory Write","3.312547283 s ","0000",
"648.0","00.14B0","1405","Memory Write","3.321582800 s ","0000",
"650.0","00.14B0","1405","Memory Write","3.331661483 s ","0000",
"651.0","00.14B0","1402","Memory Write","3.333764000 s ","0000",
"652.0","00.14B0","1405","Memory Write","3.342454283 s ","0000",
"654.0","00.14B0","1405","Memory Write","3.352459000 s ","0000",
"656.0","00.14B0","1405","Memory Write","3.361931916 s ","0000",
"658.0","00.14B0","1405","Memory Write","3.371227233 s ","0000",
"660.0","00.14B0","1405","Memory Write","3.382313033 s ","0000",
"662.0","00.14B0","1405","Memory Write","3.393183183 s ","0000",
"664.0","00.14B0","1402","Memory Write","3.402223916 s ","0000",
"665.0","00.14B0","1405","Memory Write","3.403139133 s ","0000",
"667.0","00.14B0","1405","Memory Write","3.415081983 s ","0000",
"669.0","00.14B0","1405","Memory Write","3.424042666 s ","0000",
"671.0","00.14B0","1405","Memory Write","3.434121416 s ","0000",
"673.0","00.14B0","1405","Memory Write","3.444971150 s ","0000",
"675.0","00.14B0","1405","Memory Write","3.454877433 s ","0000",
"677.0","00.14B0","1405","Memory Write","3.469850150 s ","0000",
"678.0","00.14B0","1402","Memory Write","3.471952650 s ","0000",
"680.0","00.14B0","1405","Memory Write","3.480879983 s ","0000",
"682.0","00.14B0","1405","Memory Write","3.491780500 s ","0000",
"684.0","00.14B0","1405","Memory Write","3.501749366 s ","0000",
"686.0","00.14B0","1405","Memory Write","3.511321350 s ","0000",
"688.0","00.14B0","1405","Memory Write","3.520365650 s ","0000",
"689.0","00.14B0","1401","Memory Write","3.522208533 s ","0000",
"690.0","00.14B0","1405","Memory Write","3.530476516 s ","0000",
"692.0","00.14B0","1402","Memory Write","3.540328416 s ","0000",
"693.0","00.14B0","1405","Memory Write","3.541247083 s ","0000",
"695.0","00.14B0","1405","Memory Write","3.551216216 s ","0000",
"697.0","00.14B0","1405","Memory Write","3.562927033 s ","0000",
"699.0","00.14B0","1405","Memory Write","3.572222366 s ","0000",
"701.0","00.14B0","1405","Memory Write","3.583338300 s ","0000",
"703.0","00.14B0","1405","Memory Write","3.594190766 s ","0000",
"705.0","00.14B0","1405","Memory Write","3.604156333 s ","0000",
"706.0","00.14B0","1402","Memory Write","3.609724400 s ","0000",
"707.0","00.14B0","1405","Memory Write","3.613763150 s ","0000",
"709.0","00.14B0","1405","Memory Write","3.622767416 s ","0000",
"711.0","00.14B0","1405","Memory Write","3.632846183 s ","0000",
"713.0","00.14B0","1405","Memory Write","3.643673733 s ","0000",
"715.0","00.14B0","1405","Memory Write","3.653599616 s ","0000",
"717.0","00.14B0","1405","Memory Write","3.668605733 s ","0000",
"718.0","00.14B0","1402","Memory Write","3.673724550 s ","0000",
"719.0","00.14B0","1405","Memory Write","3.674629883 s ","0000",
"721.0","00.14B0","1405","Memory Write","3.690523650 s ","0000",
"723.0","00.14B0","1405","Memory Write","3.700489083 s ","0000",
"725.0","00.14B0","1405","Memory Write","3.712388783 s ","0000",
"727.0","00.14B0","1405","Memory Write","3.721429516 s ","0000",
"729.0","00.14B0","1405","Memory Write","3.731508016 s ","0000",
"731.0","00.14B0","1405","Memory Write","3.742310116 s ","0000",
"732.0","00.14B0","1402","Memory Write","3.744448116 s ","0000",
"733.0","00.14B0","1405","Memory Write","3.752247850 s ","0000",
"735.0","00.14B0","1405","Memory Write","3.761680466 s ","0000",
"737.0","00.14B0","1405","Memory Write","3.770975633 s ","0000",
"739.0","00.14B0","1405","Memory Write","3.782053683 s ","0000",
"741.0","00.14B0","1405","Memory Write","3.792932483 s ","0000",
"743.0","00.14B0","1405","Memory Write","3.802897933 s ","0000",
"745.0","00.14B0","1404","Memory Write","3.812973833 s ","0000",
"746.0","00.14B0","1402","Memory Write","3.813886666 s ","0000",
"747.0","00.14B0","1405","Memory Write","3.814824716 s ","0000",
"749.0","00.14B0","1405","Memory Write","3.823798750 s ","0000",
"751.0","00.14B0","1405","Memory Write","3.833877350 s ","0000",
"753.0","00.14B0","1405","Memory Write","3.844722700 s ","0000",
"755.0","00.14B0","1405","Memory Write","3.854635183 s ","0000",
"757.0","00.14B0","1405","Memory Write","3.864068150 s ","0000",
"759.0","00.14B0","1405","Memory Write","3.873363683 s ","0000",
"760.0","00.14B0","1402","Memory Write","3.880463950 s ","0000",
"761.0","00.14B0","1405","Memory Write","3.884492316 s ","0000",
"763.0","00.14B0","1405","Memory Write","3.899196950 s ","0000",
"765.0","00.14B0","1405","Memory Write","3.911070866 s ","0000",
"767.0","00.14B0","1405","Memory Write","3.920110766 s ","0000",
"769.0","00.14B0","1405","Memory Write","3.930232583 s ","0000",
"771.0","00.14B0","1405","Memory Write","3.941069250 s ","0000",
"773.0","00.14B0","1402","Memory Write","3.950164050 s ","0000",
"774.0","00.14B0","1405","Memory Write","3.951069400 s ","0000",
"776.0","00.14B0","1405","Memory Write","3.962780200 s ","0000",
"778.0","00.14B0","1405","Memory Write","3.972075583 s ","0000",
"780.0","00.14B0","1405","Memory Write","3.983184366 s ","0000",
"782.0","00.14B0","1405","Memory Write","3.994041066 s ","0000",
"784.0","00.14B0","1405","Memory Write","4.004007150 s ","0000",
"786.0","00.14B0","1405","Memory Write","4.013620100 s ","0000",
"787.0","00.14B0","1402","Memory Write","4.018614933 s ","0000",
"788.0","00.14B0","1405","Memory Write","4.022621450 s ","0000",
"790.0","00.14B0","1405","Memory Write","4.032700250 s ","0000",
"792.0","00.14B0","1405","Memory Write","4.043523166 s ","0000",
"794.0","00.14B0","1405","Memory Write","4.053457766 s ","0000",
"796.0","00.14B0","1405","Memory Write","4.068429933 s ","0000",
"797.0","00.14B0","1405","Memory Write","4.074463783 s ","0000",
"799.0","00.14B0","1402","Memory Write","4.084690000 s ","0000",
"800.0","00.14B0","1405","Memory Write","4.090343633 s ","0000",
"802.0","00.14B0","1405","Memory Write","4.100308816 s ","0000",
"804.0","00.14B0","1405","Memory Write","4.109861766 s ","0000",
"806.0","00.14B0","1405","Memory Write","4.118894800 s ","0000",
"807.0","00.14B0","1405","Memory Write","4.125005800 s ","0000",
"809.0","00.14B0","1405","Memory Write","4.135084516 s ","0000",
"811.0","00.14B0","1405","Memory Write","4.149799433 s ","0000",
"812.0","00.14B0","1402","Memory Write","4.151901950 s ","0000",
"814.0","00.14B0","1405","Memory Write","4.161500483 s ","0000",
"816.0","00.14B0","1405","Memory Write","4.170804733 s ","0000",
"818.0","00.14B0","1405","Memory Write","4.181875050 s ","0000",
"820.0","00.14B0","1405","Memory Write","4.192758283 s ","0000",
"822.0","00.14B0","1405","Memory Write","4.202723483 s ","0000",
"824.0","00.14B0","1405","Memory Write","4.214658566 s ","0000",
"825.0","00.14B0","1402","Memory Write","4.222721083 s ","0000",
"826.0","00.14B0","1405","Memory Write","4.223626416 s ","0000",
"828.0","00.14B0","1405","Memory Write","4.233705233 s ","0000",
"830.0","00.14B0","1405","Memory Write","4.244546133 s ","0000",
"832.0","00.14B0","1405","Memory Write","4.254463066 s ","0000",
"833.0","00.14B0","1403","Memory Write","4.258763366 s ","0000",
"834.0","00.14B0","1405","Memory Write","4.263891783 s ","0000",
"836.0","00.14B0","1405","Memory Write","4.273187116 s ","0000",
"838.0","00.14B0","1405","Memory Write","4.284325483 s ","0000",
"839.0","00.14B0","1402","Memory Write","4.291189616 s ","0000",
"840.0","00.14B0","1405","Memory Write","4.299016650 s ","0000",
"842.0","00.14B0","1405","Memory Write","4.310888250 s ","0000",
"844.0","00.14B0","1405","Memory Write","4.319922683 s ","0000",
"846.0","00.14B0","1405","Memory Write","4.330047800 s ","0000",
"848.0","00.14B0","1405","Memory Write","4.340823400 s ","0000",
"849.0","00.14B0","1401","Memory Write","4.341131800 s ","0000",
"851.0","00.14B0","1405","Memory Write","4.350794033 s ","0000",
"852.0","00.14B0","1402","Memory Write","4.359311866 s ","0000",
"853.0","00.14B0","1405","Memory Write","4.360217216 s ","0000",
"855.0","00.14B0","1405","Memory Write","4.369512600 s ","0000",
"857.0","00.14B0","1405","Memory Write","4.380543816 s ","0000",
"859.0","00.14B0","1405","Memory Write","4.391449500 s ","0000",
"861.0","00.14B0","1405","Memory Write","4.401414450 s ","0000",
"863.0","00.14B0","1405","Memory Write","4.413331000 s ","0000",
"865.0","00.14B0","1405","Memory Write","4.422345316 s ","0000",
"866.0","00.14B0","1402","Memory Write","4.424447833 s ","0000",
"867.0","00.14B0","1405","Memory Write","4.432414433 s ","0000",
"869.0","00.14B0","1405","Memory Write","4.443232916 s ","0000",
"871.0","00.14B0","1405","Memory Write","4.453171716 s ","0000",
"873.0","00.14B0","1405","Memory Write","4.464882516 s ","0000",
"875.0","00.14B0","1405","Memory Write","4.474177883 s ","0000",
"877.0","00.14B0","1405","Memory Write","4.490160950 s ","0000",
"879.0","00.14B0","1402","Memory Write","4.499200983 s ","0000",
"880.0","00.14B0","1405","Memory Write","4.500116216 s ","0000",
"882.0","00.14B0","1405","Memory Write","4.509664816 s ","0000",
"884.0","00.14B0","1405","Memory Write","4.518697850 s ","0000",
"885.0","00.14B0","1405","Memory Write","4.524816566 s ","0000",
"887.0","00.14B0","1405","Memory Write","4.534895300 s ","0000",
"889.0","00.14B0","1405","Memory Write","4.549609900 s ","0000",
"891.0","00.14B0","1405","Memory Write","4.561320466 s ","0000",
"892.0","00.14B0","1402","Memory Write","4.563422983 s ","0000",
"893.0","00.14B0","1405","Memory Write","4.570605950 s ","0000",
"895.0","00.14B0","1405","Memory Write","4.581671883 s ","0000",
"897.0","00.14B0","1405","Memory Write","4.592556250 s ","0000",
"899.0","00.14B0","1405","Memory Write","4.602524533 s ","0000",
"901.0","00.14B0","1405","Memory Write","4.612113416 s ","0000",
"903.0","00.14B0","1405","Memory Write","4.621153633 s ","0000",
"905.0","00.14B0","1402","Memory Write","4.630325466 s ","0000",
"906.0","00.14B0","1405","Memory Write","4.631230816 s ","0000",
"908.0","00.14B0","1405","Memory Write","4.642031816 s ","0000",
"910.0","00.14B0","1405","Memory Write","4.651984916 s ","0000",
"912.0","00.14B0","1405","Memory Write","4.663696016 s ","0000",
"914.0","00.14B0","1405","Memory Write","4.673000416 s ","0000",
"916.0","00.14B0","1405","Memory Write","4.684135433 s ","0000",
"918.0","00.14B0","1405","Memory Write","4.694979283 s ","0000",
"919.0","00.14B0","1402","Memory Write","4.700964783 s ","0000",
"920.0","00.14B0","1405","Memory Write","4.704935850 s ","0000",
"922.0","00.14B0","1405","Memory Write","4.719735133 s ","0000",
"924.0","00.14B0","1405","Memory Write","4.729864666 s ","0000",
"926.0","00.14B0","1405","Memory Write","4.740635633 s ","0000",
"928.0","00.14B0","1405","Memory Write","4.750609466 s ","0000",
"930.0","00.14B0","1405","Memory Write","4.760042166 s ","0000",
"931.0","00.14B0","1402","Memory Write","4.768422500 s ","0000",
"932.0","00.14B0","1405","Memory Write","4.769327850 s ","0000",
"934.0","00.14B0","1405","Memory Write","4.780352283 s ","0000",
"936.0","00.14B0","1405","Memory Write","4.791262116 s ","0000",
"938.0","00.14B0","1405","Memory Write","4.801227383 s ","0000",
"940.0","00.14B0","1405","Memory Write","4.813135966 s ","0000",
"942.0","00.14B0","1405","Memory Write","4.822159766 s ","0000",
"944.0","00.14B0","1405","Memory Write","4.832238566 s ","0000",
"945.0","00.14B0","1402","Memory Write","4.834341083 s ","0000",
"946.0","00.14B0","1405","Memory Write","4.843043166 s ","0000",
"947.0","00.14B0","1404","Memory Write","4.849665866 s ","0000",
"948.0","00.14B0","1405","Memory Write","4.852984766 s ","0000",
"950.0","00.14B0","1405","Memory Write","4.862417633 s ","0000",
"952.0","00.14B0","1405","Memory Write","4.871713000 s ","0000",
"954.0","00.14B0","1405","Memory Write","4.882809816 s ","0000",
"956.0","00.14B0","1405","Memory Write","4.893676166 s ","0000",
"958.0","00.14B0","1402","Memory Write","4.902716183 s ","0000",
"959.0","00.14B0","1405","Memory Write","4.903634716 s ","0000",
"961.0","00.14B0","1405","Memory Write","4.918400600 s ","0000",
"962.0","00.14B0","1405","Memory Write","4.924527050 s ","0000",
"964.0","00.14B0","1405","Memory Write","4.934605566 s ","0000",
"966.0","00.14B0","1405","Memory Write","4.949321183 s ","0000",
"968.0","00.14B0","1405","Memory Write","4.961032116 s ","0000",
"970.0","00.14B0","1405","Memory Write","4.970327483 s ","0000",
"971.0","00.14B0","1402","Memory Write","4.972430000 s ","0000",
"973.0","00.14B0","1405","Memory Write","4.981372916 s ","0000",
"975.0","00.14B0","1405","Memory Write","4.992261550 s ","0000",
"977.0","00.14B0","1405","Memory Write","5.002223783 s ","0000",
"979.0","00.14B0","1405","Memory Write","5.011811033 s ","0000",
"981.0","00.14B0","1405","Memory Write","5.020855300 s ","0000",
"983.0","00.14B0","1405","Memory Write","5.030949400 s ","0000",
"985.0","00.14B0","1402","Memory Write","5.040812933 s ","0000",
"986.0","00.14B0","1405","Memory Write","5.041731600 s ","0000",
"988.0","00.14B0","1405","Memory Write","5.051693366 s ","0000",
"990.0","00.14B0","1405","Memory Write","5.063404300 s ","0000",
"992.0","00.14B0","1405","Memory Write","5.072699816 s ","0000",
"994.0","00.14B0","1405","Memory Write","5.083831350 s ","0000",
"996.0","00.14B0","1405","Memory Write","5.094678900 s ","0000",
"998.0","00.14B0","1405","Memory Write","5.104641683 s ","0000",
"999.0","00.14B0","1402","Memory Write","5.110215416 s ","0000",
"1000.0","00.14B0","1405","Memory Write","5.114255966 s ","0000",
"1002.0","00.14B0","1405","Memory Write","5.123243083 s ","0000",
"1004.0","00.14B0","1405","Memory Write","5.133321766 s ","0000",
"1006.0","00.14B0","1405","Memory Write","5.144155033 s ","0000",
"1007.0","00.14B0","1401","Memory Write","5.152865800 s ","0000",
"1008.0","00.14B0","1405","Memory Write","5.154072483 s ","0000",
"1010.0","00.14B0","1405","Memory Write","5.169053500 s ","0000",
"1011.0","00.14B0","1402","Memory Write","5.174172300 s ","0000",
"1012.0","00.14B0","1405","Memory Write","5.175077666 s ","0000",
"1014.0","00.14B0","1405","Memory Write","5.190974133 s ","0000",
"1016.0","00.14B0","1405","Memory Write","5.200938883 s ","0000",
"1018.0","00.14B0","1405","Memory Write","5.212842283 s ","0000",
"1020.0","00.14B0","1405","Memory Write","5.221873816 s ","0000",
"1022.0","00.14B0","1405","Memory Write","5.231952616 s ","0000",
"1024.0","00.14B0","1405","Memory Write","5.242762283 s ","0000",
"1025.0","00.14B0","1402","Memory Write","5.244904716 s ","0000",
"1026.0","00.14B0","1405","Memory Write","5.252697483 s ","0000",
"1028.0","00.14B0","1405","Memory Write","5.262130183 s ","0000",
"1030.0","00.14B0","1405","Memory Write","5.271425350 s ","0000",
"1032.0","00.14B0","1405","Memory Write","5.282514450 s ","0000",
"1034.0","00.14B0","1405","Memory Write","5.293385416 s ","0000",
"1036.0","00.14B0","1405","Memory Write","5.303353666 s ","0000",
"1038.0","00.14B0","1402","Memory Write","5.314355183 s ","0000",
"1039.0","00.14B0","1405","Memory Write","5.318113116 s ","0000",
"1040.0","00.14B0","1405","Memory Write","5.324247283 s ","0000",
"1042.0","00.14B0","1405","Memory Write","5.334326016 s ","0000",
"1044.0","00.14B0","1405","Memory Write","5.349041633 s ","0000",
"1045.0","00.14B0","1405","Memory Write","5.355075483 s ","0000",
"1047.0","00.14B0","1405","Memory Write","5.364508250 s ","0000",
"1049.0","00.14B0","1405","Memory Write","5.373803433 s ","0000",
"1050.0","00.14B0","1402","Memory Write","5.380911300 s ","0000",
"1051.0","00.14B0","1403","Memory Write","5.381219833 s ","0000",
"1052.0","00.14B0","1405","Memory Write","5.384934666 s ","0000",
"1054.0","00.14B0","1405","Memory Write","5.399635283 s ","0000",
"1056.0","00.14B0","1405","Memory Write","5.411521183 s ","0000",
"1058.0","00.14B0","1405","Memory Write","5.420561016 s ","0000",
"1060.0","00.14B0","1405","Memory Write","5.430667283 s ","0000",
"1062.0","00.14B0","1405","Memory Write","5.441454966 s ","0000",
"1064.0","00.14B0","1402","Memory Write","5.450506333 s ","0000",
"1065.0","00.14B0","1405","Memory Write","5.451411683 s ","0000",
"1067.0","00.14B0","1405","Memory Write","5.463122800 s ","0000",
"1069.0","00.14B0","1405","Memory Write","5.472418116 s ","0000",
"1071.0","00.14B0","1405","Memory Write","5.483537350 s ","0000",
"1073.0","00.14B0","1405","Memory Write","5.494391116 s ","0000",
"1075.0","00.14B0","1405","Memory Write","5.504357250 s ","0000",
"1077.0","00.14B0","1405","Memory Write","5.513973550 s ","0000",
"1078.0","00.14B0","1402","Memory Write","5.518969483 s ","0000",
"1079.0","00.14B0","1405","Memory Write","5.522964966 s ","0000",
"1081.0","00.14B0","1405","Memory Write","5.533043650 s ","0000",
"1083.0","00.14B0","1405","Memory Write","5.543929600 s ","0000",
"1085.0","00.14B0","1405","Memory Write","5.553890400 s ","0000",
"1087.0","00.14B0","1405","Memory Write","5.568862783 s ","0000",
"1088.0","00.14B0","1405","Memory Write","5.574896616 s ","0000",
"1090.0","00.14B0","1402","Memory Write","5.585129633 s ","0000",
"1091.0","00.14B0","1405","Memory Write","5.590779833 s ","0000",
"1093.0","00.14B0","1405","Memory Write","5.600745150 s ","0000",
"1095.0","00.14B0","1405","Memory Write","5.610302650 s ","0000",
"1097.0","00.14B0","1405","Memory Write","5.619346933 s ","0000",
"1099.0","00.14B0","1405","Memory Write","5.629490050 s ","0000",
"1101.0","00.14B0","1405","Memory Write","5.640260000 s ","0000",
"1103.0","00.14B0","1405","Memory Write","5.650245250 s ","0000",
"1104.0","00.14B0","1402","Memory Write","5.652347766 s ","0000",
"1106.0","00.14B0","1405","Memory Write","5.661946583 s ","0000",
"1108.0","00.14B0","1405","Memory Write","5.671250833 s ","0000",
"1110.0","00.14B0","1405","Memory Write","5.682336166 s ","0000",
"1112.0","00.14B0","1405","Memory Write","5.693210683 s ","0000",
"1114.0","00.14B0","1405","Memory Write","5.703172216 s ","0000",
"1116.0","00.14B0","1405","Memory Write","5.715115416 s ","0000",
"1117.0","00.14B0","1402","Memory Write","5.723163950 s ","0000",
"1118.0","00.14B0","1405","Memory Write","5.724069300 s ","0000",
"1120.0","00.14B0","1405","Memory Write","5.734147816 s ","0000",
"1122.0","00.14B0","1405","Memory Write","5.744994466 s ","0000",
"1124.0","00.14B0","1405","Memory Write","5.754897033 s ","0000",
"1126.0","00.14B0","1405","Memory Write","5.764329650 s ","0000",
"1128.0","00.14B0","1405","Memory Write","5.773625033 s ","0000",
"1130.0","00.14B0","1405","Memory Write","5.784766766 s ","0000",
"1131.0","00.14B0","1402","Memory Write","5.791634116 s ","0000",
"1132.0","00.14B0","1405","Memory Write","5.799459766 s ","0000",
"1134.0","00.14B0","1405","Memory Write","5.811334316 s ","0000",
"1136.0","00.14B0","1405","Memory Write","5.820378350 s ","0000",
"1138.0","00.14B0","1405","Memory Write","5.830487700 s ","0000",
"1140.0","00.14B0","1405","Memory Write","5.841270950 s ","0000",
"1142.0","00.14B0","1405","Memory Write","5.851241316 s ","0000",
"1143.0","00.14B0","1402","Memory Write","5.859759216 s ","0000",
"1144.0","00.14B0","1405","Memory Write","5.860664583 s ","0000",
"1146.0","00.14B0","1405","Memory Write","5.869960116 s ","0000",
"1148.0","00.14B0","1405","Memory Write","5.881002983 s ","0000",
"1149.0","00.14B0","1404","Memory Write","5.882243250 s ","0000",
"1151.0","00.14B0","1405","Memory Write","5.891898850 s ","0000",
"1153.0","00.14B0","1405","Memory Write","5.901867516 s ","0000",
"1155.0","00.14B0","1405","Memory Write","5.913780433 s ","0000",
"1157.0","00.14B0","1405","Memory Write","5.922791333 s ","0000",
"1158.0","00.14B0","1402","Memory Write","5.924893850 s ","0000",
"1159.0","00.14B0","1405","Memory Write","5.932860316 s ","0000",
"1161.0","00.14B0","1405","Memory Write","5.943684716 s ","0000",
"1163.0","00.14B0","1405","Memory Write","5.953610033 s ","0000",
"1165.0","00.14B0","1405","Memory Write","5.968582566 s ","0000",
"1166.0","00.14B0","1401","Memory Write","5.971902833 s ","0000",
"1167.0","00.14B0","1405","Memory Write","5.974617666 s ","0000",
"1169.0","00.14B0","1405","Memory Write","5.990506866 s ","0000",
"1171.0","00.14B0","1402","Memory Write","5.999546950 s ","0000",
"1172.0","00.14B0","1405","Memory Write","6.000462183 s ","0000",
"1174.0","00.14B0","1405","Memory Write","6.010018383 s ","0000",
"1176.0","00.14B0","1405","Memory Write","6.019058216 s ","0000",
"1177.0","00.14B0","1405","Memory Write","6.025169033 s ","0000",
"1179.0","00.14B0","1405","Memory Write","6.039971450 s ","0000",
"1181.0","00.14B0","1405","Memory Write","6.049964400 s ","0000",
"1183.0","00.14B0","1405","Memory Write","6.061675050 s ","0000",
"1184.0","00.14B0","1402","Memory Write","6.063799450 s ","0000",
"1185.0","00.14B0","1405","Memory Write","6.071058716 s ","0000",
"1187.0","00.14B0","1405","Memory Write","6.082136766 s ","0000",
"1189.0","00.14B0","1405","Memory Write","6.093015250 s ","0000",
"1191.0","00.14B0","1405","Memory Write","6.102980683 s ","0000",
"1193.0","00.14B0","1405","Memory Write","6.112581400 s ","0000",
"1195.0","00.14B0","1405","Memory Write","6.121619883 s ","0000",
"1197.0","00.14B0","1402","Memory Write","6.130783566 s ","0000",
"1198.0","00.14B0","1405","Memory Write","6.131688916 s ","0000",
"1200.0","00.14B0","1405","Memory Write","6.142491466 s ","0000",
"1202.0","00.14B0","1405","Memory Write","6.152438616 s ","0000",
"1204.0","00.14B0","1405","Memory Write","6.164149566 s ","0000",
"1206.0","00.14B0","1405","Memory Write","6.173453800 s ","0000",
"1208.0","00.14B0","1405","Memory Write","6.184595250 s ","0000",
"1210.0","00.14B0","1405","Memory Write","6.199295866 s ","0000",
"1211.0","00.14B0","1402","Memory Write","6.201424750 s ","0000",
"1213.0","00.14B0","1405","Memory Write","6.211163466 s ","0000",
"1215.0","00.14B0","1405","Memory Write","6.220204183 s ","0000",
"1217.0","00.14B0","1405","Memory Write","6.230321283 s ","0000",
"1219.0","00.14B0","1405","Memory Write","6.241104083 s ","0000",
"1221.0","00.14B0","1405","Memory Write","6.251078466 s ","0000",
"1223.0","00.14B0","1405","Memory Write","6.260511050 s ","0000",
"1224.0","00.14B0","1402","Memory Write","6.268891550 s ","0000",
"1225.0","00.14B0","1405","Memory Write","6.269796900 s ","0000",
"1227.0","00.14B0","1405","Memory Write","6.280836466 s ","0000",
"1229.0","00.14B0","1405","Memory Write","6.291737266 s ","0000",
"1231.0","00.14B0","1405","Memory Write","6.301702633 s ","0000",
"1233.0","00.14B0","1405","Memory Write","6.313614733 s ","0000",
"1235.0","00.14B0","1405","Memory Write","6.322625833 s ","0000",
"1237.0","00.14B0","1405","Memory Write","6.332704716 s ","0000",
"1238.0","00.14B0","1402","Memory Write","6.334807233 s ","0000",
"1239.0","00.14B0","1405","Memory Write","6.343515233 s ","0000",
"1241.0","00.14B0","1405","Memory Write","6.353444966 s ","0000",
"1243.0","00.14B0","1405","Memory Write","6.362877850 s ","0000",
"1245.0","00.14B0","1405","Memory Write","6.372173016 s ","0000",
"1247.0","00.14B0","1405","Memory Write","6.383285133 s ","0000",
"1249.0","00.14B0","1405","Memory Write","6.394142733 s ","0000",
"1251.0","00.14B0","1402","Memory Write","6.403183650 s ","0000",
"1252.0","00.14B0","1405","Memory Write","6.404102183 s ","0000",
"1254.0","00.14B0","1405","Memory Write","6.418881616 s ","0000",
"1255.0","00.14B0","1405","Memory Write","6.424992583 s ","0000",
"1257.0","00.14B0","1405","Memory Write","6.435071383 s ","0000",
"1259.0","00.14B0","1405","Memory Write","6.449795316 s ","0000",
"1261.0","00.14B0","1405","Memory Write","6.461506333 s ","0000",
"1263.0","00.14B0","1405","Memory Write","6.470801700 s ","0000",
"1264.0","00.14B0","1402","Memory Write","6.472904216 s ","0000",
"1266.0","00.14B0","1405","Memory Write","6.481862350 s ","0000",
"1268.0","00.14B0","1405","Memory Write","6.492745500 s ","0000",
"1270.0","00.14B0","1405","Memory Write","6.502710450 s ","0000",
"1271.0","00.14B0","1403","Memory Write","6.510125300 s ","0000",
"1272.0","00.14B0","1405","Memory Write","6.512297316 s ","0000",
"1274.0","00.14B0","1405","Memory Write","6.521335416 s ","0000",
"1276.0","00.14B0","1405","Memory Write","6.531419100 s ","0000",
"1278.0","00.14B0","1402","Memory Write","6.541288416 s ","0000",
"1279.0","00.14B0","1405","Memory Write","6.542207066 s ","0000",
"1281.0","00.14B0","1405","Memory Write","6.552158416 s ","0000",
"1283.0","00.14B0","1405","Memory Write","6.563869200 s ","0000",
"1285.0","00.14B0","1405","Memory Write","6.573164550 s ","0000",
"1287.0","00.14B0","1405","Memory Write","6.584299216 s ","0000",
"1289.0","00.14B0","1405","Memory Write","6.595146683 s ","0000",
"1291.0","00.14B0","1405","Memory Write","6.605112766 s ","0000",
"1292.0","00.14B0","1402","Memory Write","6.610701933 s ","0000",
"1293.0","00.14B0","1405","Memory Write","6.614739166 s ","0000",
"1295.0","00.14B0","1405","Memory Write","6.623714050 s ","0000",
"1297.0","00.14B0","1405","Memory Write","6.633889616 s ","0000",
"1299.0","00.14B0","1405","Memory Write","6.644730316 s ","0000",
"1301.0","00.14B0","1405","Memory Write","6.654647733 s ","0000",
"1303.0","00.14B0","1405","Memory Write","6.669629400 s ","0000",
"1304.0","00.14B0","1402","Memory Write","6.674748216 s ","0000",
"1305.0","00.14B0","1405","Memory Write","6.680651550 s ","0000",
"1307.0","00.14B0","1405","Memory Write","6.691553333 s ","0000",
"1309.0","00.14B0","1405","Memory Write","6.701518733 s ","0000",
"1311.0","00.14B0","1405","Memory Write","6.713434700 s ","0000",
"1313.0","00.14B0","1405","Memory Write","6.722449116 s ","0000",
"1315.0","00.14B0","1405","Memory Write","6.732527983 s ","0000",
"1317.0","00.14B0","1405","Memory Write","6.743344000 s ","0000",
"1318.0","00.14B0","1402","Memory Write","6.749342383 s ","0000",
"1319.0","00.14B0","1405","Memory Write","6.753264016 s ","0000",
"1321.0","00.14B0","1405","Memory Write","6.762696733 s ","0000",
"1323.0","00.14B0","1405","Memory Write","6.771992100 s ","0000",
"1325.0","00.14B0","1405","Memory Write","6.783096200 s ","0000",
"1326.0","00.14B0","1401","Memory Write","6.784948750 s ","0000",
"1328.0","00.14B0","1405","Memory Write","6.793959566 s ","0000",
"1330.0","00.14B0","1405","Memory Write","6.803928616 s ","0000",
"1332.0","00.14B0","1402","Memory Write","6.814939500 s ","0000",
"1333.0","00.14B0","1405","Memory Write","6.818697716 s ","0000",
"1334.0","00.14B0","1405","Memory Write","6.824816433 s ","0000",
"1336.0","00.14B0","1405","Memory Write","6.834895233 s ","0000",
"1338.0","00.14B0","1405","Memory Write","6.849619166 s ","0000",
"1340.0","00.14B0","1405","Memory Write","6.859052033 s ","0000",
"1341.0","00.14B0","1405","Memory Write","6.865085866 s ","0000",
"1343.0","00.14B0","1405","Memory Write","6.874376516 s ","0000",
"1344.0","00.14B0","1402","Memory Write","6.881484333 s ","0000",
"1345.0","00.14B0","1405","Memory Write","6.890202766 s ","0000",
"1347.0","00.14B0","1405","Memory Write","6.900144283 s ","0000",
"1349.0","00.14B0","1405","Memory Write","6.912015000 s ","0000",
"1350.0","00.14B0","1404","Memory Write","6.920715550 s ","0000",
"1351.0","00.14B0","1405","Memory Write","6.921028550 s ","0000",
"1353.0","00.14B0","1405","Memory Write","6.931098766 s ","0000",
"1355.0","00.14B0","1405","Memory Write","6.941868266 s ","0000",
"1357.0","00.14B0","1402","Memory Write","6.950885716 s ","0000",
"1358.0","00.14B0","1405","Memory Write","6.951791050 s ","0000",
"1360.0","00.14B0","1405","Memory Write","6.963478316 s ","0000",
"1362.0","00.14B0","1405","Memory Write","6.972744783 s ","0000",
"1364.0","00.14B0","1405","Memory Write","6.983853416 s ","0000",
"1366.0","00.14B0","1405","Memory Write","6.994673766 s ","0000",
"1368.0","00.14B0","1405","Memory Write","7.004616166 s ","0000",
"1370.0","00.14B0","1405","Memory Write","7.014219416 s ","0000",
"1371.0","00.14B0","1402","Memory Write","7.019185333 s ","0000",
"1372.0","00.14B0","1405","Memory Write","7.023176383 s ","0000",
"1374.0","00.14B0","1405","Memory Write","7.033231383 s ","0000",
"1376.0","00.14B0","1405","Memory Write","7.044039750 s ","0000",
"1378.0","00.14B0","1405","Memory Write","7.053941750 s ","0000",
"1380.0","00.14B0","1405","Memory Write","7.068861800 s ","0000",
"1381.0","00.14B0","1405","Memory Write","7.074895633 s ","0000",
"1383.0","00.14B0","1402","Memory Write","7.085105833 s ","0000",
"1384.0","00.14B0","1405","Memory Write","7.090732266 s ","0000",
"1386.0","00.14B0","1405","Memory Write","7.100674183 s ","0000",
"1388.0","00.14B0","1405","Memory Write","7.110208366 s ","0000",
"1390.0","00.14B0","1405","Memory Write","7.119224600 s ","0000",
"1392.0","00.14B0","1405","Memory Write","7.129345800 s ","0000",
"1394.0","00.14B0","1405","Memory Write","7.140084650 s ","0000",
"1396.0","00.14B0","1405","Memory Write","7.150043783 s ","0000",
"1397.0","00.14B0","1402","Memory Write","7.152146300 s ","0000",
"1399.0","00.14B0","1405","Memory Write","7.161778766 s ","0000",
"1401.0","00.14B0","1405","Memory Write","7.171094283 s ","0000",
"1403.0","00.14B0","1405","Memory Write","7.182148866 s ","0000",
"1405.0","00.14B0","1405","Memory Write","7.192999666 s ","0000",
"1407.0","00.14B0","1405","Memory Write","7.202941416 s ","0000",
"1409.0","00.14B0","1405","Memory Write","7.214856366 s ","0000",
"1410.0","00.14B0","1402","Memory Write","7.222889250 s ","0000",
"1411.0","00.14B0","1405","Memory Write","7.223794600 s ","0000",
"1413.0","00.14B0","1405","Memory Write","7.233849600 s ","0000",
"1415.0","00.14B0","1405","Memory Write","7.244666816 s ","0000",
"1417.0","00.14B0","1405","Memory Write","7.254560100 s ","0000",
"1419.0","00.14B0","1405","Memory Write","7.263969133 s ","0000",
"1421.0","00.14B0","1405","Memory Write","7.273235616 s ","0000",
"1423.0","00.14B0","1405","Memory Write","7.284350783 s ","0000",
"1424.0","00.14B0","1402","Memory Write","7.291191200 s ","0000",
"1425.0","00.14B0","1405","Memory Write","7.295161616 s ","0000",
"1427.0","00.14B0","1405","Memory Write","7.305103783 s ","0000",
"1429.0","00.14B0","1405","Memory Write","7.319855283 s ","0000",
"1431.0","00.14B0","1405","Memory Write","7.329960866 s ","0000",
"1433.0","00.14B0","1405","Memory Write","7.340708200 s ","0000",
"1435.0","00.14B0","1405","Memory Write","7.350658366 s ","0000",
"1436.0","00.14B0","1402","Memory Write","7.359152450 s ","0000",
"1437.0","00.14B0","1405","Memory Write","7.360057783 s ","0000",
"1439.0","00.14B0","1405","Memory Write","7.369324250 s ","0000",
"1441.0","00.14B0","1405","Memory Write","7.380321916 s ","0000",
"1443.0","00.14B0","1405","Memory Write","7.391210766 s ","0000",
"1445.0","00.14B0","1405","Memory Write","7.401152516 s ","0000",
"1447.0","00.14B0","1405","Memory Write","7.413036800 s ","0000",
"1449.0","00.14B0","1405","Memory Write","7.422038450 s ","0000",
"1450.0","00.14B0","1402","Memory Write","7.424140966 s ","0000",
"1451.0","00.14B0","1405","Memory Write","7.432083766 s ","0000",
"1453.0","00.14B0","1405","Memory Write","7.442869700 s ","0000",
"1455.0","00.14B0","1405","Memory Write","7.452794366 s ","0000",
"1457.0","00.14B0","1405","Memory Write","7.464481783 s ","0000",
"1459.0","00.14B0","1405","Memory Write","7.473748416 s ","0000",
"1461.0","00.14B0","1405","Memory Write","7.484867050 s ","0000",
"1463.0","00.14B0","1402","Memory Write","7.494762566 s ","0000",
"1464.0","00.14B0","1405","Memory Write","7.499513550 s ","0000",
"1466.0","00.14B0","1405","Memory Write","7.509022866 s ","0000",
"1468.0","00.14B0","1405","Memory Write","7.518039366 s ","0000",
"1469.0","00.14B0","1405","Memory Write","7.524173566 s ","0000",
"1471.0","00.14B0","1405","Memory Write","7.534228633 s ","0000",
"1473.0","00.14B0","1405","Memory Write","7.545051766 s ","0000",
"1475.0","00.14B0","1405","Memory Write","7.554931100 s ","0000",
"1476.0","00.14B0","1402","Memory Write","7.562686950 s ","0000",
"1477.0","00.14B0","1405","Memory Write","7.569841233 s ","0000",
"1479.0","00.14B0","1405","Memory Write","7.580857433 s ","0000",
"1481.0","00.14B0","1405","Memory Write","7.591734350 s ","0000",
"1483.0","00.14B0","1405","Memory Write","7.601674283 s ","0000",
"1484.0","00.14B0","1401","Memory Write","7.601981533 s ","0000",
"1486.0","00.14B0","1405","Memory Write","7.611225633 s ","0000",
"1488.0","00.14B0","1405","Memory Write","7.620236533 s ","0000",
"1490.0","00.14B0","1402","Memory Write","7.629415000 s ","0000",
"1491.0","00.14B0","1403","Memory Write","7.629712500 s ","0000",
"1492.0","00.14B0","1405","Memory Write","7.630316483 s ","0000",
"1494.0","00.14B0","1405","Memory Write","7.641076050 s ","0000",
"1496.0","00.14B0","1405","Memory Write","7.651026750 s ","0000",
"1498.0","00.14B0","1405","Memory Write","7.662714083 s ","0000",
"1500.0","00.14B0","1405","Memory Write","7.671989433 s ","0000",
"1502.0","00.14B0","1405","Memory Write","7.683070500 s ","0000",
"1504.0","00.14B0","1405","Memory Write","7.693904550 s ","0000",
"1505.0","00.14B0","1402","Memory Write","7.699865616 s ","0000",
"1506.0","00.14B0","1405","Memory Write","7.703836683 s ","0000",
"1508.0","00.14B0","1405","Memory Write","7.718566433 s ","0000",
"1509.0","00.14B0","1405","Memory Write","7.724689583 s ","0000",
"1511.0","00.14B0","1405","Memory Write","7.734744500 s ","0000",
"1513.0","00.14B0","1405","Memory Write","7.749412150 s ","0000",
"1515.0","00.14B0","1405","Memory Write","7.758821083 s ","0000",
"1516.0","00.14B0","1402","Memory Write","7.763939883 s ","0000",
"1517.0","00.14B0","1405","Memory Write","7.764845233 s ","0000",
"1519.0","00.14B0","1405","Memory Write","7.774111716 s ","0000",
"1521.0","00.14B0","1405","Memory Write","7.789944433 s ","0000",
"1523.0","00.14B0","1405","Memory Write","7.799886200 s ","0000",
"1525.0","00.14B0","1405","Memory Write","7.811744683 s ","0000",
"1527.0","00.14B0","1405","Memory Write","7.820761966 s ","0000",
"1529.0","00.14B0","1405","Memory Write","7.830840000 s ","0000",
"1530.0","00.14B0","1402","Memory Write","7.832942516 s ","0000",
"1531.0","00.14B0","1405","Memory Write","7.841598750 s ","0000",
"1533.0","00.14B0","1405","Memory Write","7.851540900 s ","0000",
"1535.0","00.14B0","1405","Memory Write","7.860950166 s ","0000",
"1537.0","00.14B0","1405","Memory Write","7.870216816 s ","0000",
"1539.0","00.14B0","1405","Memory Write","7.881243916 s ","0000",
"1541.0","00.14B0","1405","Memory Write","7.892113450 s ","0000",
"1543.0","00.14B0","1402","Memory Write","7.901129950 s ","0000",
"1544.0","00.14B0","1405","Memory Write","7.902048483 s ","0000",
"1546.0","00.14B0","1405","Memory Write","7.913936583 s ","0000",
"1548.0","00.14B0","1405","Memory Write","7.922917300 s ","0000",
"1550.0","00.14B0","1405","Memory Write","7.932972366 s ","0000",
"1552.0","00.14B0","1405","Memory Write","7.943773550 s ","0000",
"1553.0","00.14B0","1404","Memory Write","7.951862450 s ","0000",
"1554.0","00.14B0","1405","Memory Write","7.953673200 s ","0000",
"1556.0","00.14B0","1405","Memory Write","7.968593183 s ","0000",
"1557.0","00.14B0","1402","Memory Write","7.970695700 s ","0000",
"1558.0","00.14B0","1405","Memory Write","7.974617333 s ","0000",
"1560.0","00.14B0","1405","Memory Write","7.990460100 s ","0000",
"1562.0","00.14B0","1405","Memory Write","8.000401650 s ","0000",
"1564.0","00.14B0","1405","Memory Write","8.009926400 s ","0000",
"1566.0","00.14B0","1405","Memory Write","8.018943683 s ","0000",
"1567.0","00.14B0","1405","Memory Write","8.025054683 s ","0000",
"1569.0","00.14B0","1402","Memory Write","8.034194633 s ","0000",
"1570.0","00.14B0","1405","Memory Write","8.035099983 s ","0000",
"1572.0","00.14B0","1405","Memory Write","8.049772683 s ","0000",
"1574.0","00.14B0","1405","Memory Write","8.061459850 s ","0000",
"1576.0","00.14B0","1405","Memory Write","8.070726333 s ","0000",
"1578.0","00.14B0","1405","Memory Write","8.081768983 s ","0000",
"1580.0","00.14B0","1405","Memory Write","8.092625766 s ","0000",
"1582.0","00.14B0","1405","Memory Write","8.102567033 s ","0000",
"1583.0","00.14B0","1402","Memory Write","8.104699216 s ","0000",
"1584.0","00.14B0","1405","Memory Write","8.112125400 s ","0000",
"1586.0","00.14B0","1405","Memory Write","8.121140716 s ","0000",
"1588.0","00.14B0","1405","Memory Write","8.131208383 s ","0000",
"1590.0","00.14B0","1405","Memory Write","8.141978116 s ","0000",
"1592.0","00.14B0","1405","Memory Write","8.151906116 s ","0000",
"1594.0","00.14B0","1405","Memory Write","8.163593366 s ","0000",
"1595.0","00.14B0","1402","Memory Write","8.171953683 s ","0000",
"1596.0","00.14B0","1405","Memory Write","8.172859050 s ","0000",
"1598.0","00.14B0","1405","Memory Write","8.183967416 s ","0000",
"1600.0","00.14B0","1405","Memory Write","8.194784066 s ","0000",
"1602.0","00.14B0","1405","Memory Write","8.204729283 s ","0000",
"1604.0","00.14B0","1405","Memory Write","8.219474283 s ","0000",
"1606.0","00.14B0","1405","Memory Write","8.229690383 s ","0000",
"1608.0","00.14B0","1405","Memory Write","8.240436650 s ","0000",
"1609.0","00.14B0","1402","Memory Write","8.242574633 s ","0000",
"1610.0","00.14B0","1405","Memory Write","8.250391050 s ","0000",
"1612.0","00.14B0","1405","Memory Write","8.259800150 s ","0000",
"1614.0","00.14B0","1405","Memory Write","8.269066800 s ","0000",
"1615.0","00.14B0","1405","Memory Write","8.275100633 s ","0000",
"1617.0","00.14B0","1405","Memory Write","8.290950483 s ","0000",
"1619.0","00.14B0","1405","Memory Write","8.300892400 s ","0000",
"1621.0","00.14B0","1402","Memory Write","8.311831200 s ","0000",
"1622.0","00.14B0","1405","Memory Write","8.312763050 s ","0000",
"1624.0","00.14B0","1405","Memory Write","8.321772516 s ","0000",
"1626.0","00.14B0","1405","Memory Write","8.331827600 s ","0000",
"1628.0","00.14B0","1405","Memory Write","8.342606616 s ","0000",
"1630.0","00.14B0","1405","Memory Write","8.352530300 s ","0000",
"1632.0","00.14B0","1405","Memory Write","8.361939483 s ","0000",
"1634.0","00.14B0","1405","Memory Write","8.371205966 s ","0000",
"1635.0","00.14B0","1402","Memory Write","8.373308483 s ","0000",
"1637.0","00.14B0","1405","Memory Write","8.382251116 s ","0000",
"1639.0","00.14B0","1405","Memory Write","8.393106100 s ","0000",
"1641.0","00.14B0","1405","Memory Write","8.403047850 s ","0000",
"1643.0","00.14B0","1401","Memory Write","8.413718183 s ","0000",
"1644.0","00.14B0","1405","Memory Write","8.414964316 s ","0000",
"1646.0","00.14B0","1405","Memory Write","8.423912233 s ","0000",
"1648.0","00.14B0","1405","Memory Write","8.433967233 s ","0000",
"1650.0","00.14B0","1402","Memory Write","8.443856100 s ","0000",
"1651.0","00.14B0","1405","Memory Write","8.444779200 s ","0000",
"1653.0","00.14B0","1405","Memory Write","8.454667800 s ","0000",
"1655.0","00.14B0","1405","Memory Write","8.469587783 s ","0000",
"1657.0","00.14B0","1405","Memory Write","8.480596233 s ","0000",
"1659.0","00.14B0","1405","Memory Write","8.491477750 s ","0000",
"1661.0","00.14B0","1405","Memory Write","8.501419500 s ","0000",
"1663.0","00.14B0","1405","Memory Write","8.510957750 s ","0000",
"1664.0","00.14B0","1402","Memory Write","8.513127166 s ","0000",
"1665.0","00.14B0","1405","Memory Write","8.519965883 s ","0000",
"1667.0","00.14B0","1405","Memory Write","8.530067016 s ","0000",
"1669.0","00.14B0","1405","Memory Write","8.540819016 s ","0000",
"1671.0","00.14B0","1405","Memory Write","8.550769000 s ","0000",
"1673.0","00.14B0","1405","Memory Write","8.562456083 s ","0000",
"1675.0","00.14B0","1405","Memory Write","8.571722566 s ","0000",
"1677.0","00.14B0","1402","Memory Write","8.581854616 s ","0000",
"1678.0","00.14B0","1405","Memory Write","8.582783166 s ","0000",
"1680.0","00.14B0","1405","Memory Write","8.593629283 s ","0000",
"1682.0","00.14B0","1405","Memory Write","8.603570783 s ","0000",
"1684.0","00.14B0","1405","Memory Write","8.613155450 s ","0000",
"1686.0","00.14B0","1405","Memory Write","8.622153166 s ","0000",
"1688.0","00.14B0","1405","Memory Write","8.632208150 s ","0000",
"1690.0","00.14B0","1405","Memory Write","8.642998766 s ","0000",
"1691.0","00.14B0","1402","Memory Write","8.645136766 s ","0000",
"1692.0","00.14B0","1405","Memory Write","8.652904833 s ","0000",
"1694.0","00.14B0","1405","Memory Write","8.664592250 s ","0000",
"1696.0","00.14B0","1405","Memory Write","8.673867750 s ","0000",
